date,feature_1,feature_2,target
2010-01-01,0.3734558333769928,-0.7786058432543964,1
2010-01-02,1.1609281359390433,-0.9104109485691704,0
2010-01-03,-0.15988980044924905,0.19546692116408682,0
2010-01-04,-0.3880762620227187,0.16449158432265445,1
2010-01-05,-1.490498055662892,-0.9468851667028592,2
2010-01-06,-2.9156037409966196,-0.15325062243385945,0
2010-01-07,0.451440905066744,-0.7623531707029125,1
2010-01-08,-2.5804225450690765,1.1123241788773537,2
2010-01-09,-0.6454711872335318,-0.4306385003584893,2
2010-01-10,-0.07990205402417494,-0.9698729327407112,0
2010-01-11,-0.3867794244642353,0.4539465146487514,2
2010-01-12,-0.16802614252792342,0.1759839305990559,0
2010-01-13,0.3324579215967443,0.5304663013102002,0
2010-01-14,0.6223939314143188,0.2856790523555859,1
2010-01-15,0.1605015094485585,0.3524749168444757,1
2010-01-16,-0.4112736508651738,-0.06970481121667234,1
2010-01-17,0.18630117530609827,0.3440690019066803,0
2010-01-18,-0.6936098483985298,1.2372926059742861,0
2010-01-19,1.9154169077207044,-0.17188067035968935,2
2010-01-20,-0.19618401237115904,0.6532511551156454,1
2010-01-21,-0.5632736088833682,0.21616543726836476,2
2010-01-22,-1.4327894747102818,-0.44551785205323763,0
2010-01-23,-2.017172173154889,-0.7719191762339028,1
2010-01-24,1.132780709166016,0.32157151679123136,0
2010-01-25,0.7939838014273441,1.210411554397956,2
2010-01-26,-0.5429835197892263,-0.23490427570572034,1
2010-01-27,1.5504227454441524,-0.40243180508177584,0
2010-01-28,-0.2430765358350484,-0.006236288514678226,1
2010-01-29,0.41375254274223655,-0.7213311566671486,2
2010-01-30,-2.151418874003502,-0.12243765200425108,1
2010-01-31,-1.1996492905493803,-0.5989095792304818,1
2010-02-01,-0.4374929015941695,-0.3141771929635329,0
2010-02-02,-1.0040393994100312,2.2685482455106687,0
2010-02-03,-1.0352033962453835,-0.046516323071564177,0
2010-02-04,0.37609096990203283,0.5338839430399496,1
2010-02-05,-0.009509504654745884,-1.269933905388987,2
2010-02-06,0.13788204268341506,-1.3467074246141728,1
2010-02-07,-0.13828634655559735,-0.07987538479688817,0
2010-02-08,0.27556476160550064,0.5135636150602342,2
2010-02-09,0.9732954533881109,-0.4507728879016687,2
2010-02-10,1.6540984666177974,-1.0639171302778396,2
2010-02-11,-0.9105885577157056,0.9459185239891652,1
2010-02-12,0.2625954167077985,0.32839813759638337,0
2010-02-13,0.19143262228234634,1.83655736062414,0
2010-02-14,0.40680557244795457,0.5069080085534079,2
2010-02-15,0.17406073824711543,-1.549717751567541,1
2010-02-16,-0.4573866262978877,-0.5156767825292762,0
2010-02-17,0.27638823548210883,-2.6781476405738256,2
2010-02-18,1.1347053800023852,0.7555042158548595,1
2010-02-19,-1.4959760474957213,0.4955535609517437,0
2010-02-20,0.32985238757017166,-0.753321058304518,1
2010-02-21,0.12649986631399812,-1.4109894611633917,1
2010-02-22,0.16189149399789202,-0.6744355647840167,2
2010-02-23,0.7292983290048828,-0.5411475902585183,1
2010-02-24,-1.0711675254096626,1.7066384921796531,1
2010-02-25,0.5701013789710715,1.6889806468748052,1
2010-02-26,-0.6491948587050118,-1.8011130310663266,0
2010-02-27,-0.5301475672070312,-1.0102043691788334,1
2010-02-28,0.6915723137103591,1.5938100570113354,1
2010-03-01,0.6868157817877982,-0.08595936045601504,1
2010-03-02,0.08146747865021055,-0.6654308067702775,0
2010-03-03,-0.7211930423350101,-1.2294603525218764,0
2010-03-04,-0.7706574864034257,-1.7153499535628531,2
2010-03-05,-0.12972465896633892,1.3035959413080653,0
2010-03-06,1.3833862157360655,1.0169635681705076,1
2010-03-07,0.05286263731544247,-0.6977946217980368,2
2010-03-08,-1.2155188864651576,-0.4309694260348465,1
2010-03-09,0.7724940821453665,-0.9437520365266507,1
2010-03-10,-1.7040332710573456,-0.02614690496404294,1
2010-03-11,1.6316689386486452,1.128767394716271,0
2010-03-12,1.6238133829620929,-0.1259156845871217,2
2010-03-13,0.6767109094686597,-0.809758826422833,1
2010-03-14,0.3666663649893366,1.057589810457426,2
2010-03-15,0.39609531644149265,-0.02766589071556941,0
2010-03-16,-0.44019308655023304,-1.1455948751926308,2
2010-03-17,-0.005040250244510134,0.37567256468780197,2
2010-03-18,0.29710784922988126,0.7756470164373543,1
2010-03-19,0.46073759339053866,-0.9064029030555889,1
2010-03-20,0.03943433614699279,-2.1921173342861264,0
2010-03-21,-0.28321109218860463,0.962185881884438,1
2010-03-22,0.8020586754710058,-1.2756169563733444,0
2010-03-23,-1.3316548969655433,-1.653634369889062,1
2010-03-24,0.5240380364094015,-1.246672557111791,0
2010-03-25,1.1426872625092588,0.9949438527807487,0
2010-03-26,-1.1944035887404847,-0.13137601681587546,1
2010-03-27,1.288185292244879,0.5451015413498727,2
2010-03-28,-0.43631710556525355,-0.7054586594950656,0
2010-03-29,0.05474645577284482,0.5981163122090253,1
2010-03-30,-0.010699022486633897,-0.3378536485666987,2
2010-03-31,0.7783150082300253,-0.8263276575155438,1
2010-04-01,-0.8275241491542569,0.007637857441427171,1
2010-04-02,0.6599413809048932,-1.0697093946015659,1
2010-04-03,1.776292754719016,-1.527324584533503,2
2010-04-04,0.57035741319915,-0.5074489521951226,1
2010-04-05,0.16181027743507445,-1.2313482886170057,0
2010-04-06,1.7665639486484326,-0.11546113309058081,0
2010-04-07,0.6596570795234235,0.41253802855881005,2
2010-04-08,0.10646361562793481,0.6829216389701808,2
2010-04-09,0.1103244788679267,1.0931581498217386,1
2010-04-10,0.9429238401351318,0.8792138359489525,1
2010-04-11,1.0341464248692547,-0.3511394743079824,1
2010-04-12,1.0865971631988782,1.2263116401215937,2
2010-04-13,-0.5809079104041429,0.8516571664864587,0
2010-04-14,1.1877359679250243,0.17260911877225074,2
2010-04-15,0.26932652115499034,-0.5645032347696437,0
2010-04-16,0.5630280328646198,-1.343638406152562,0
2010-04-17,0.6212683431729684,0.17994164423994952,2
2010-04-18,-0.9511034635117728,-0.48707754793379016,2
2010-04-19,-1.078008558734007,-1.8262086784518121,2
2010-04-20,1.4170589663971351,-1.6430400401185317,0
2010-04-21,1.4936166945412455,0.7118528464832559,2
2010-04-22,0.2105955815554104,-0.03446910902755486,2
2010-04-23,-1.7167628691714893,-0.2906847825094935,2
2010-04-24,0.1770582485835612,-1.7065029431854677,0
2010-04-25,0.40984416154351877,1.0395146470253993,0
2010-04-26,0.7076292310441432,0.002711292347642369,2
2010-04-27,-1.3481327995967651,-1.689729982254935,2
2010-04-28,-0.5598457850309158,1.0213225889018012,0
2010-04-29,1.174984515492268,-2.350075989106392,1
2010-04-30,-1.4732120042650505,1.3325204642516573,0
2010-05-01,-1.2265815045341546,0.9149945083558646,1
2010-05-02,-0.1234653028967976,-0.986441893943,1
2010-05-03,-0.39919585960546383,1.1181854177945805,1
2010-05-04,1.4599190289608763,0.057614598467512254,1
2010-05-05,0.34985086367919926,1.6321935986230105,1
2010-05-06,0.43628336875080775,-1.0299460378564835,2
2010-05-07,-0.11036610121758617,-2.2142772437027767,0
2010-05-08,-0.22725773108735417,1.7202660569558208,0
2010-05-09,-0.5564076433033626,0.0978197316162871,0
2010-05-10,-1.1329686113418544,-0.2071243568696827,1
2010-05-11,-0.11734538638425702,1.5293802035392776,1
2010-05-12,0.9131488524504536,-1.3284903062547222,0
2010-05-13,-0.66628573678444,0.29439334417844,1
2010-05-14,0.2539428858447909,-2.1215097967630268,1
2010-05-15,0.6481637863448761,0.5280703683924198,0
2010-05-16,0.7470259043967176,-2.302585492101815,2
2010-05-17,2.0121514981926296,0.3038511514414723,1
2010-05-18,0.28318816760591226,0.9813994627547253,2
2010-05-19,1.6399466725475467,-1.0394828604263158,0
2010-05-20,0.07481878457242964,-0.3710341137698814,0
2010-05-21,-2.2426107753879445,1.1076659926275685,0
2010-05-22,-0.01852712254759947,-0.30685077904546365,0
2010-05-23,0.18637426115285197,-0.6344266823041551,1
2010-05-24,-0.8405692601136608,0.18937402974030187,2
2010-05-25,0.8268567955745572,2.0776197386281146,0
2010-05-26,1.2968675746559377,0.24726655569494155,0
2010-05-27,0.2754623515452005,-0.229312346451667,1
2010-05-28,0.8041129429942179,1.1217936277716085,2
2010-05-29,-1.040769961279323,0.6743177476538533,2
2010-05-30,-0.23551545052996184,-0.09518575774541607,2
2010-05-31,-0.6655534684224066,-0.8904640186570486,1
2010-06-01,-0.25429566826725136,-0.5553611520626146,1
2010-06-02,-0.43082366805288347,1.432607381822714,1
2010-06-03,-0.9649712456957475,-1.1509458618877328,1
2010-06-04,2.1057533620027606,0.6452883698563272,0
2010-06-05,-1.706856094079646,1.7308193682753243,2
2010-06-06,-0.546710564683343,-0.09354975924626606,2
2010-06-07,-0.7808848898874299,-0.8744478784201286,2
2010-06-08,-1.309218189715181,-0.10701770126922444,1
2010-06-09,-0.5779210604178878,-0.07864104314624566,0
2010-06-10,1.676286546873776,-0.5342288772276604,0
2010-06-11,-1.2100404906018178,-1.2463549326845913,1
2010-06-12,-0.5658216007650719,1.457842717102789,2
2010-06-13,-0.2232305912718979,1.3015023058136406,0
2010-06-14,1.4574270535907532,-0.8845858095458679,2
2010-06-15,1.3602582289834861,-0.619478034814574,0
2010-06-16,-0.8347456611172623,0.6975406754880698,1
2010-06-17,-0.22089605479089836,-0.14305340533712427,1
2010-06-18,-0.4650274616013032,-1.0090406727643686,0
2010-06-19,-0.7371629558368036,2.0775215189953364,1
2010-06-20,2.3434136859258676,-0.7660154621724812,0
2010-06-21,-0.5850609864099596,-0.05851239118900167,1
2010-06-22,-1.410322184735435,0.795662980117913,2
2010-06-23,2.0539859235512,-0.40083831593187164,1
2010-06-24,0.965810852935439,-0.07646345271960696,2
2010-06-25,0.9498969123067188,1.1811719192445767,1
2010-06-26,-0.7376958394173138,0.21183425977941317,2
2010-06-27,0.07745016316335047,-0.5861711846764044,0
2010-06-28,-0.6563876822997862,-1.0149532156887697,0
2010-06-29,-0.5548405961695194,-2.6175504468476127,1
2010-06-30,-0.2800502991772594,-1.3630731545172374,0
2010-07-01,-0.5135124077757661,0.35257515871250367,1
2010-07-02,1.1667967118439846,-1.2724483881325714,1
2010-07-03,0.0604885842692654,0.7033535806814413,0
2010-07-04,-0.6715931334015398,0.13786862898389823,0
2010-07-05,1.1129757748024358,0.27121639345256815,2
2010-07-06,0.022199331912259476,-0.13697474667034376,0
2010-07-07,0.26521641156597503,-1.338778518488088,2
2010-07-08,-0.709482258982464,-1.230429732400111,2
2010-07-09,0.4590333664046677,0.21902286032644266,2
2010-07-10,-1.4633700291401524,0.07862072589224268,2
2010-07-11,-0.27697849092799154,-0.43410323547979457,1
2010-07-12,-0.6532373186727934,1.7638891362518851,0
2010-07-13,-1.574108671241694,-0.42622107545510485,2
2010-07-14,-0.05517953372963094,-0.33775465487534606,0
2010-07-15,-0.10799139108205176,0.4526159129528523,1
2010-07-16,-0.02428189848583626,-1.9620854128943221,2
2010-07-17,-0.2496105941824889,1.1969945542975977,2
2010-07-18,-0.45478307582279465,-0.3448498861005414,1
2010-07-19,1.124223404995818,-0.0854034560317083,1
2010-07-20,-0.9194730284012468,-0.36389467531179787,1
2010-07-21,0.05918026013621012,0.4125659672999732,2
2010-07-22,-0.1307430347374689,0.16940200012572182,1
2010-07-23,-0.7117190769549903,3.673784161237429,1
2010-07-24,1.5355100810566362,0.39357828081329527,1
2010-07-25,-1.2420173962541095,0.35067180318780705,2
2010-07-26,-0.24150487310148774,0.8387116557088973,0
2010-07-27,-0.2298731055494369,0.2762153803453243,0
2010-07-28,0.9146727569323014,0.07898880336059262,1
2010-07-29,-0.3982443590283654,-0.6302480090475853,1
2010-07-30,0.6872529013246357,-0.8920629160305261,0
2010-07-31,1.2038639055823674,-1.0610641577656934,1
2010-08-01,1.3021583694915708,-0.09171624836157752,1
2010-08-02,0.5808081655866119,-0.4175813650470416,1
2010-08-03,0.7588133889280304,0.9964506266175746,2
2010-08-04,0.1803414651193313,0.47542524051393104,2
2010-08-05,-0.012174255657433875,-0.5447549813668292,0
2010-08-06,-0.7445256900951048,0.9517834919991709,2
2010-08-07,0.07344812437691295,-1.3856137639891295,0
2010-08-08,1.4306252590006472,1.2305663438934242,0
2010-08-09,0.5872048143802548,0.7547204341797684,1
2010-08-10,0.10697067149106898,1.0444772581050432,2
2010-08-11,0.00012520417538652322,-0.9024909919488956,0
2010-08-12,-0.48789137085614326,2.4890739830186623,0
2010-08-13,0.7174844936939966,-0.2194959718315376,2
2010-08-14,-0.2892057634636603,-0.849163864333392,0
2010-08-15,0.655325037104994,-0.8465827944079388,0
2010-08-16,-1.6012026880826347,0.2096231858121973,0
2010-08-17,0.9397184843130311,0.49241447832193264,1
2010-08-18,0.6429095964348459,0.9878762725001315,1
2010-08-19,0.5166389139732471,-1.0903121455862048,1
2010-08-20,-0.21543731380120432,-0.8222862378603868,2
2010-08-21,2.017659114994428,-1.090854016479503,2
2010-08-22,-0.04325935332037997,-0.6254939673738081,2
2010-08-23,-0.823446911851364,-0.7888394590394489,1
2010-08-24,-1.8761706258360842,0.13217489942382993,1
2010-08-25,0.819933319604365,0.027323673344414434,0
2010-08-26,-0.3333379500637242,-0.19204271486899643,0
2010-08-27,0.5666530326593113,-0.08804589997456573,2
2010-08-28,2.1784654623850903,-1.0579314817141006,0
2010-08-29,0.6272288049344809,-0.6687241715127149,0
2010-08-30,-0.868759630804045,-0.9549403178990261,2
2010-08-31,0.9432382471733002,0.22961460611254467,2
2010-09-01,-1.1090007895092904,-1.1933362517127168,2
2010-09-02,-1.1815224598819278,0.596547085693445,0
2010-09-03,-0.9230696923899587,-1.3371688724955157,2
2010-09-04,0.00952377675241264,-0.01663072651449772,2
2010-09-05,-0.5233657947839374,-0.06888849329888953,2
2010-09-06,-0.5163149427405178,-0.5495328751219387,1
2010-09-07,-0.7762869801428247,0.710956735380477,0
2010-09-08,0.31087955582733534,0.681240599767828,0
2010-09-09,-0.5627529107222398,1.1438658124306453,1
2010-09-10,2.677950479317559,-1.0657607877219397,1
2010-09-11,-1.0248740345487892,-0.515271851064165,0
2010-09-12,0.08625289528617634,0.29533275993068925,0
2010-09-13,0.24468331595937354,0.6426269006405795,1
2010-09-14,2.096298924936902,0.9526998394679257,1
2010-09-15,-0.7788128444001124,0.08575210893276651,2
2010-09-16,-0.8749703298880867,-0.3211512835552634,0
2010-09-17,0.22480032029241656,1.5666036790458053,1
2010-09-18,0.547401219344618,1.6008795278187768,2
2010-09-19,-0.28218131500276356,-0.9717595310783153,2
2010-09-20,-0.6837150894957944,0.4188728973629464,2
2010-09-21,0.8078666212591765,-1.6865267763414753,1
2010-09-22,-1.1265320206721277,-0.060472258980406576,0
2010-09-23,0.11853857229965549,-1.9012627142138514,2
2010-09-24,-0.7061846431258688,-0.7533695768599101,0
2010-09-25,-0.5025059537167935,0.7351126952168188,2
2010-09-26,-2.2065450383885743,-1.5301899326173978,2
2010-09-27,-1.731798483605605,-0.46059558448955157,1
2010-09-28,-1.6498262709581124,1.1061636140256865,1
2010-09-29,0.9235689644021765,-1.1666066032373328,0
2010-09-30,0.3975278799146031,-0.2839577526771193,0
2010-10-01,0.7136327770440816,-0.5349468645323312,0
2010-10-02,-0.5471915987559326,0.5067649931941023,2
2010-10-03,-0.8269331512622963,0.2535679132690703,1
2010-10-04,-0.7199091908335236,1.058028579289233,0
2010-10-05,-0.47187674554454984,-1.747582805753076,2
2010-10-06,0.9708374088913768,0.3857133088924176,1
2010-10-07,-0.2983455203565727,1.1613325035522386,1
2010-10-08,0.5343057103085136,-0.5695290765588649,1
2010-10-09,-0.06906154368936823,1.2071349302974488,2
2010-10-10,1.7154001116505853,-0.8517600149791563,2
2010-10-11,2.31830227019487,-1.9525294228881465,2
2010-10-12,-0.5648146120053268,-0.38406798064075987,2
2010-10-13,0.29877968741040123,-0.8850977043227874,1
2010-10-14,-0.07699848194184064,0.6631270748157824,1
2010-10-15,0.5586363660357063,-0.3888008156897151,1
2010-10-16,-0.41164775010854726,-1.027446113845183,1
2010-10-17,1.407954927583279,0.04013953434258576,1
2010-10-18,0.7616077041515192,-0.9924331187500711,0
2010-10-19,0.8519761506559491,0.6492471218048255,2
2010-10-20,0.8852627510763806,0.6597718457939955,1
2010-10-21,-1.1199227674561296,-0.2726404779062007,2
2010-10-22,0.44223583193557653,-0.4455436036802018,1
2010-10-23,0.9533158775474098,-0.14490782580370543,2
2010-10-24,-0.6434921445959358,-1.47003795759723,1
2010-10-25,-1.7255858593720275,0.6998573532576872,2
2010-10-26,-0.7445973188815833,-1.0815790694938645,0
2010-10-27,0.5498262725328457,0.7782279433638319,0
2010-10-28,0.6968350031686055,-1.7496420463330835,2
2010-10-29,0.015876908030102173,0.2954344403862086,0
2010-10-30,0.5967109476046832,-0.7095053904856331,2
2010-10-31,1.7862999040418104,-0.583276153553512,1
2010-11-01,-0.11969464181825396,1.1342265876833872,0
2010-11-02,-0.6642140817680076,0.5475581615866345,0
2010-11-03,0.5612100567387638,0.16089473645335922,1
2010-11-04,-0.5646486380884995,-0.970211707936347,0
2010-11-05,0.5661647797354459,-1.0476983839221168,2
2010-11-06,-2.021360047622247,1.6829630271537228,1
2010-11-07,-0.8774613560584631,1.0575274482700814,0
2010-11-08,-1.0847216882046966,-1.1269093025298285,2
2010-11-09,1.0191567636297592,0.5839476856712784,1
2010-11-10,0.600169667992976,0.2705742898864478,1
2010-11-11,0.735962993371226,-0.14747909303178033,2
2010-11-12,0.4094124141708718,0.940566280915801,1
2010-11-13,0.8139646734367283,-0.15474289220706725,1
2010-11-14,0.7814320941646347,0.058322245075677105,1
2010-11-15,0.7473329487609253,0.7373754395014037,1
2010-11-16,1.345983345756452,-0.1941309080493283,1
2010-11-17,0.1535821731407386,1.0715475957563774,0
2010-11-18,0.4541909790461327,0.010251220808726121,0
2010-11-19,-0.02984832029952732,0.9431000544396415,0
2010-11-20,0.5712613905841467,-0.17319715774837333,0
2010-11-21,0.20063782879082304,-0.7660406426851588,1
2010-11-22,-0.10708716035930146,0.19142343479144142,0
2010-11-23,-1.7070426330597044,-0.9133360202781635,2
2010-11-24,-0.7737017115698194,0.808843067860044,1
2010-11-25,-1.2371863157666874,-0.6518846171523315,2
2010-11-26,0.18532058271052018,1.174056933101369,1
2010-11-27,1.0677890455623262,-1.060175366187209,0
2010-11-28,-0.2378838179765158,-0.4216691260635156,0
2010-11-29,-1.1348138307018059,-0.12029102649164579,2
2010-11-30,-0.531806244780044,1.2349434581557073,2
2010-12-01,0.1195916968666348,1.342512506225676,0
2010-12-02,0.4623724636636858,0.540638906992712,1
2010-12-03,-0.21059902997535754,-0.6582617155020275,2
2010-12-04,-0.2920156941439492,0.6387947708717556,0
2010-12-05,-1.2371969012309574,-0.10632567467161605,2
2010-12-06,-0.8280837958238702,-0.02812304090410735,2
2010-12-07,0.41000135444068886,0.11108632735778332,0
2010-12-08,-0.8791256808300684,-1.598893052308717,2
2010-12-09,0.20885567437610553,1.0636048273517111,2
2010-12-10,-0.27864345807841673,-0.5411923062099478,1
2010-12-11,1.7563748872897902,-1.240004626664543,2
2010-12-12,-2.6883148105248456,0.6164066181982621,1
2010-12-13,0.9182215311828016,-0.05203921600251947,2
2010-12-14,0.8583483582246109,-0.06155295939793737,0
2010-12-15,0.8154455132919209,0.027468812362471794,1
2010-12-16,1.4839348228236893,-1.2145376597508628,0
2010-12-17,-1.1915336038240043,-0.7172392659788897,0
2010-12-18,-0.7541709086674233,1.1662911802813125,2
2010-12-19,-0.6833131956148182,-0.18858358902850078,0
2010-12-20,-2.5085105148558187,-1.8363617265758685,2
2010-12-21,-0.6270847537143052,-0.41197608334321584,1
2010-12-22,-0.8387017996131989,-1.2586598815668564,1
2010-12-23,1.8730451993556005,-0.14785806515152114,0
2010-12-24,0.007748888866794288,-0.6148118251341574,1
2010-12-25,0.39867569356075255,0.18179378747594543,2
2010-12-26,0.29938430213950745,0.1918001992589216,0
2010-12-27,0.775617285807169,-0.6456557800577716,0
2010-12-28,0.595802814369417,0.7051045558294429,0
2010-12-29,1.0801306857883095,-0.7270348329083448,0
2010-12-30,-0.9210113322778964,0.10444855832344119,2
2010-12-31,0.8472096253897868,-0.6873627153784481,0
2011-01-01,0.19277447081561094,-2.0345031577460526,2
2011-01-02,0.5841645257642423,-0.9356921258010682,0
2011-01-03,-0.9240210567016525,-0.07765602468275705,1
2011-01-04,1.7673380617342722,-1.4304357095327334,2
2011-01-05,-1.1069254715751065,-0.5624850848030167,2
2011-01-06,1.4903625187440561,-0.45582028862695007,1
2011-01-07,-1.0950145835115852,-0.5166663028926931,0
2011-01-08,-0.657569326291674,-0.461352009506428,0
2011-01-09,-0.3868967130380429,0.4424861656708987,2
2011-01-10,0.35071085677779906,0.4996668031029248,1
2011-01-11,1.2084047843845538,-0.12019335292384994,0
2011-01-12,0.6418704756084167,-1.2736200629872207,0
2011-01-13,-0.19975141267369667,-0.49183883322524613,1
2011-01-14,0.6143824263373401,-0.7993318636621123,2
2011-01-15,-0.31794208100179105,-1.6528621581643166,2
2011-01-16,-0.8157546484455603,1.3469053018556219,0
2011-01-17,1.086493707334781,-0.09344204345585819,0
2011-01-18,-0.011362461224580199,-0.6178721270320199,1
2011-01-19,1.2651800587370068,0.16054494131456792,2
2011-01-20,0.8084835211299369,-2.153844738131751,1
2011-01-21,-2.3365449175521436,1.4003321417977652,2
2011-01-22,-0.8893263946483815,1.5678977207914566,1
2011-01-23,0.2860079443839704,1.741371921441623,0
2011-01-24,0.10260157967315592,-1.4160370587684152,2
2011-01-25,-1.0898832156807643,-0.011408949403933649,1
2011-01-26,0.6197007948576366,-1.718354325777209,2
2011-01-27,-2.127436476342803,2.206341556617436,0
2011-01-28,-0.7306901205798215,-0.4049869188341585,1
2011-01-29,0.14548630030790316,-0.7462272485931312,0
2011-01-30,0.7556985543844436,1.3310399424909474,0
2011-01-31,1.2618421563638194,1.1634887389803,1
2011-02-01,0.32211951359485985,2.079513143534661,0
2011-02-02,-2.0428376276817866,1.602028567514728,1
2011-02-03,1.6643095487799904,-1.9178432813648414,0
2011-02-04,0.11602996160481285,0.16694363797344294,1
2011-02-05,0.3628015520680155,0.2581639904233652,0
2011-02-06,-0.4987076433619223,1.5642875184361857,0
2011-02-07,-1.068516736318495,-1.1447057695233798,0
2011-02-08,-0.2593641006873396,-1.5694304818748188,1
2011-02-09,-1.6217441197792923,-0.16490036552352533,2
2011-02-10,-0.39517033262820916,-0.482701106442142,0
2011-02-11,0.5563189574345915,1.0474368467736752,2
2011-02-12,0.953005317155956,-0.9566903509814452,1
2011-02-13,-1.717145568127113,-0.3890179444496257,0
2011-02-14,-0.8273727762997659,1.2115879807692982,2
2011-02-15,-0.4080046466656038,0.20163087038186384,2
2011-02-16,0.09419489408897594,-1.5378828275861824,2
2011-02-17,0.36302096680008583,-1.294578846643781,1
2011-02-18,0.9095018744857525,-0.24589220716893997,2
2011-02-19,0.4294463266777857,-0.9375658233969965,1
2011-02-20,-0.3325620236876802,-2.136258255787619,0
2011-02-21,-0.9051975670614117,-0.21409428085007667,1
2011-02-22,0.2280767537671584,1.3774933536295646,2
2011-02-23,-0.041224056180875955,-0.08876689872669262,2
2011-02-24,-0.29970682903242724,-0.09724903600881128,1
2011-02-25,-1.1595406283986849,0.03831114872620969,0
2011-02-26,1.1457827020749933,-0.04174192105788674,1
2011-02-27,-0.3527670455874495,-0.24537983961175616,0
2011-02-28,1.4163386132682123,-0.4710386492363428,2
2011-03-01,0.30414759641816075,-0.4021051948277329,0
2011-03-02,0.292530811788157,0.6366114703174192,2
2011-03-03,-0.9899644437165962,2.405408456747984,0
2011-03-04,-0.7152221223844804,-0.345059173057328,0
2011-03-05,1.8316163817983067,-0.06388087119680516,0
2011-03-06,-0.6466054253463334,-0.6949279515243422,0
2011-03-07,-0.6150522708248432,0.3644454982231674,0
2011-03-08,0.8144307083963385,0.6877103880154452,2
2011-03-09,0.8657575190125968,0.7540233635670045,0
2011-03-10,1.184138109700692,-0.6096069102414103,0
2011-03-11,-0.17443541835164406,0.5862310133637,0
2011-03-12,1.6494387497206997,-1.7994784279472096,0
2011-03-13,-0.75745179457744,-1.1700788370194608,2
2011-03-14,-0.4878768971061504,-0.36688937833239266,0
2011-03-15,-0.794636433635719,-1.4255622914205641,1
2011-03-16,-0.5689263599540031,0.26160075285671075,0
2011-03-17,0.9413397219864097,-1.076166962538951,2
2011-03-18,0.7658843564225006,0.35841916437163013,0
2011-03-19,0.6538396196324362,1.870444280816765,1
2011-03-20,0.8433664669469005,-0.43169739580156363,0
2011-03-21,1.669273255441801,-1.643193667574372,2
2011-03-22,-0.3683109264250285,-1.4024469605638707,2
2011-03-23,0.7794384340306076,1.1237984017810936,1
2011-03-24,-2.0195866007513303,0.3303973442991465,1
2011-03-25,1.404305000849954,1.3246597068458825,0
2011-03-26,-0.12730873686664373,0.74870593562478,0
2011-03-27,1.1266270317769964,1.4918822810726253,1
2011-03-28,-0.8077402382789124,0.9779985235843163,0
2011-03-29,-1.6863131234261948,0.5701340293112303,0
2011-03-30,-0.3176196710842742,-0.9981747069654643,0
2011-03-31,-1.5737083569107668,-0.6589364621162184,1
2011-04-01,1.1560117015590354,-0.4528219920261551,2
2011-04-02,0.4533551320097901,-0.41226842765954375,2
2011-04-03,2.1344560951680744,-0.36239929758407796,0
2011-04-04,-1.1123130492381064,-0.47792763059883375,1
2011-04-05,-0.6591472291565039,-0.10310482238861039,1
2011-04-06,-0.2904142155148347,-0.016814797529488796,2
2011-04-07,-0.11590564698011974,0.06211657095310839,0
2011-04-08,-2.093285929434843,1.2593830373001045,2
2011-04-09,-0.13756325342162723,1.8619448043582896,0
2011-04-10,1.8640931014849784,-0.6321257724291072,1
2011-04-11,-0.04674516378498488,0.38867358429308063,0
2011-04-12,-0.09609848848079963,0.7392619237036667,2
2011-04-13,-0.2787580819429855,-0.9563795190151425,1
2011-04-14,-0.6274226962267312,1.2142715916210582,0
2011-04-15,-0.9584910221625708,0.14501539126045063,1
2011-04-16,-2.054657530606411,0.30263882009118664,0
2011-04-17,0.15770802318740054,-2.144602106389809,2
2011-04-18,2.240302906898528,-1.1178479776750856,1
2011-04-19,0.5069496060996485,1.682249515852849,0
2011-04-20,3.245160995902263,-1.2218143619306723,2
2011-04-21,0.8837961951252601,0.40749126299240496,2
2011-04-22,-0.2722314047282059,-0.1093828645597442,0
2011-04-23,-0.04826381936530275,-1.11247235436391,2
2011-04-24,0.09921285451415494,-0.19776731949692994,1
2011-04-25,-0.909636819951388,0.5990892210135806,1
2011-04-26,0.7344135574330619,0.5013688084590621,0
2011-04-27,0.048771149379484645,1.1364814242474053,0
2011-04-28,0.6989529207109276,-0.87161971191374,2
2011-04-29,1.5274049157031406,-0.04637546527352146,0
2011-04-30,-0.2163532525778821,-0.589801761029395,2
2011-05-01,-1.5663223803944197,0.37600528764487107,2
2011-05-02,-0.5554955082348516,-0.16082784804260433,2
2011-05-03,0.9602425535692554,-1.856694138254068,1
2011-05-04,0.866031713258088,0.9431322518627988,0
2011-05-05,-0.5230944822682707,-0.8643762517760817,2
2011-05-06,-0.7249831431642456,-0.42952125696401966,0
2011-05-07,0.4613266411993247,0.004904861708280679,2
2011-05-08,-0.9640099836814419,-0.21878041730170958,1
2011-05-09,2.748754973088466,0.24615165097854222,1
2011-05-10,-0.5817618076370173,-1.643882645522967,0
2011-05-11,1.2202375394334841,-1.7578599794995426,2
2011-05-12,0.06207898787836912,-0.09881640086824159,2
2011-05-13,1.0448760385648934,0.137214479741127,2
2011-05-14,0.6582864709090598,1.6708907168200664,1
2011-05-15,1.3498094360837045,-0.993893728597597,1
2011-05-16,0.7128840596637871,-0.20932655585258864,2
2011-05-17,1.3375617500416175,0.45887724195189633,1
2011-05-18,0.47261079357424973,-0.6506025956135251,1
2011-05-19,-1.3594256649834913,1.1563134179764532,0
2011-05-20,0.9051358936039808,1.382921170097568,1
2011-05-21,1.8075550428782876,-0.7124295079944132,2
2011-05-22,2.195043903597133,-0.7928495006373083,2
2011-05-23,-1.586060425100835,-0.6927054955707121,1
2011-05-24,-0.7040330606976544,-0.9727171571068141,1
2011-05-25,-0.7758394190359729,0.2748278656048626,2
2011-05-26,-0.38152553426677477,-1.5668566128729053,1
2011-05-27,-1.6970692041747992,1.1970040492999001,1
2011-05-28,-0.8759406863270794,-1.3463383371396758,0
2011-05-29,-0.9655662681641547,0.6525047496123713,0
2011-05-30,-0.7894242805918281,-1.0470440410177853,0
2011-05-31,0.22846052466445438,-0.3193772977337588,0
2011-06-01,0.7783495562412339,2.3408956023589824,0
2011-06-02,0.8080096249134869,1.0600481847927266,1
2011-06-03,1.3388571363909336,-1.1860692451318717,2
2011-06-04,1.1854059593666182,1.1270716512824477,2
2011-06-05,-0.4789160470344832,-0.9728386317937373,2
2011-06-06,0.7409607787549376,1.1359778423106834,0
2011-06-07,0.6119928922984665,0.6572097479465249,1
2011-06-08,-1.3671285222346552,0.928414903910435,1
2011-06-09,1.4770805280506332,-0.2735215102381918,1
2011-06-10,0.9955290041629803,1.761629219367048,0
2011-06-11,0.2753634922178174,0.24341503814951476,2
2011-06-12,-0.3659735267591393,-2.2754053482479994,0
2011-06-13,1.4440141089653233,0.2832541941233623,2
2011-06-14,-0.20757734158592323,-2.339400460211019,2
2011-06-15,1.3982651478678978,-0.5301528530955807,0
2011-06-16,0.3079342803874022,0.505003594056553,1
2011-06-17,0.37587131068623536,0.5765940663349658,1
2011-06-18,-0.39381475807868005,0.2705846156121187,1
2011-06-19,2.22502491152187,1.4385017965101576,2
2011-06-20,0.11233232559923369,0.06588677108475866,0
2011-06-21,-0.9298671920982503,0.22060241848251438,0
2011-06-22,0.5298077566158363,-1.8165603541128228,1
2011-06-23,1.9775645168440976,0.491534364640471,2
2011-06-24,-0.015487520062471373,-0.7989257062908848,1
2011-06-25,0.8935636687784078,-0.681986673939469,1
2011-06-26,-0.6349629883630318,0.2185145225221511,0
2011-06-27,0.650817890049795,-0.10252257559703626,2
2011-06-28,0.13688839299667246,-0.3900224251035014,2
2011-06-29,-0.3543961179008187,-1.044223889697532,2
2011-06-30,-2.3602182173329354,-0.7749021464095075,2
2011-07-01,-0.6606827463902493,0.3718579902537815,0
2011-07-02,1.765952050866846,-0.2758047503790798,2
2011-07-03,-0.6409844714527839,0.4808157515042411,2
2011-07-04,-0.5652925495165448,1.1083536763579926,2
2011-07-05,0.8818633628779057,0.6174010221853315,0
2011-07-06,-0.21033894473627024,0.6810477492030584,2
2011-07-07,-1.0340092015678795,-0.15040861068467606,0
2011-07-08,1.645064613979542,-0.7963315655696859,2
2011-07-09,-0.028445817538132873,-0.26213470793837057,0
2011-07-10,1.2709243593079962,-1.2989772533602886,0
2011-07-11,2.0178060201149894,0.8113114618124498,1
2011-07-12,-0.31257531038606867,-0.08852253165157535,1
2011-07-13,0.9283479112714256,1.0992944864448593,2
2011-07-14,-0.6114315376225032,0.17916835285362817,0
2011-07-15,-0.21288152524042925,-0.25525968970134594,1
2011-07-16,0.6350604629101794,0.25550409752046677,1
2011-07-17,1.465621525138705,-0.11927173212263803,2
2011-07-18,-0.1600116740384374,-1.3727694211564911,0
2011-07-19,-0.20801553779529441,-1.4679011959910973,1
2011-07-20,2.480594121406295,0.8367682092755346,0
2011-07-21,0.8437523416843264,0.871356899625985,1
2011-07-22,-0.19632965711330344,0.032342437845423996,2
2011-07-23,-1.9462400881792827,0.22624321480050485,0
2011-07-24,-0.5936308811716199,0.5992794521179389,2
2011-07-25,0.010846525992898145,1.0285660883210683,0
2011-07-26,0.6720428026902124,0.4337701362658066,1
2011-07-27,1.4139954619818171,1.4056482937303525,2
2011-07-28,-0.23864715891966468,0.13456002957738472,0
2011-07-29,-0.56256171261557,-0.5028609509593738,2
2011-07-30,0.29782849353952645,0.7637511833066847,0
2011-07-31,-1.1358874425040653,-0.8054906844283541,0
2011-08-01,0.45977304281989334,-0.7697809323654923,0
2011-08-02,-0.9887481057800653,-0.7667039195666493,0
2011-08-03,-1.0293172847370524,1.4857589255590968,1
2011-08-04,-2.416846832826067,1.8858030648695476,1
2011-08-05,-0.7527210760005894,0.16514843699369494,1
2011-08-06,-1.706591525617219,-0.4033899601532727,2
2011-08-07,0.5826485675522142,-1.8817237967496137,2
2011-08-08,0.5828385507188705,1.4832796944260378,2
2011-08-09,-0.7111555993580827,-1.268683476572096,0
2011-08-10,1.254507381810122,0.632575114284724,2
2011-08-11,-0.8973547975079906,2.3592067714632203,2
2011-08-12,0.9169116250493725,1.3441947004263881,1
2011-08-13,-0.17437950274159478,-1.6862088245381064,2
2011-08-14,-0.048976561226671794,1.2291242021125122,0
2011-08-15,0.8403547067349033,0.8050583650837311,1
2011-08-16,0.13667274422551914,-1.835057558200274,1
2011-08-17,-0.9884981779275444,-0.6824633723480613,2
2011-08-18,0.20778388775222423,0.8825142732845656,1
2011-08-19,0.4400596593870004,1.1346208912620122,2
2011-08-20,0.021988262658157832,0.3008805816983193,1
2011-08-21,0.7116099449946723,1.7701335189970864,0
2011-08-22,-1.4263671064417338,-1.5937721506679554,0
2011-08-23,-0.08539379312785184,-0.025794429443452598,1
2011-08-24,-0.7965905468867889,-1.3724153128263687,0
2011-08-25,-0.6966852573360047,0.5494204193329165,2
2011-08-26,-1.5634615773041347,0.9331586493759089,2
2011-08-27,-0.2658482580566712,0.669716209916154,1
2011-08-28,0.17647558106865371,-0.055406353341217525,0
2011-08-29,0.993958613251918,1.526308397053631,0
2011-08-30,1.096582894626908,0.142752337754784,1
2011-08-31,-1.635908288328263,-0.25564900425766945,0
2011-09-01,0.0621999737755888,0.17263235970905128,2
2011-09-02,-0.36706273658670596,-1.2767811598281826,0
2011-09-03,0.8751700641929919,1.0673353508607955,1
2011-09-04,0.2530679365251341,-0.7125727541177047,2
2011-09-05,1.521990429509074,-0.2224824620139626,0
2011-09-06,-0.19753419773550263,0.15204387945855877,1
2011-09-07,-0.5505004863481863,0.09740981343699158,1
2011-09-08,1.6823999791757407,0.044672445507505806,1
2011-09-09,2.189911352741845,1.0327039874046,2
2011-09-10,-0.8169511161019966,-1.5877799946718554,1
2011-09-11,-1.7032927847891643,-1.357938644559136,1
2011-09-12,-1.057805363215378,-0.3798356312782618,1
2011-09-13,0.31813830622029055,-0.6742771926248385,0
2011-09-14,-0.14428823458136875,1.0796885769616384,2
2011-09-15,-0.22265834911746402,1.429382744799177,2
2011-09-16,2.384367646271321,0.8325056451179146,0
2011-09-17,-0.8999762714359172,0.7099918527787112,0
2011-09-18,1.4932559146170152,-0.5512376908923405,0
2011-09-19,-1.0738661023191718,0.014972962473400343,1
2011-09-20,0.2241255600665533,-0.3630601762220184,0
2011-09-21,0.5362225139706542,-0.9253782478992362,1
2011-09-22,-0.6279555944164812,-1.3340629657170595,0
2011-09-23,0.579650251578311,-0.4293558348729104,1
2011-09-24,0.6256973002305528,0.09503762448518684,1
2011-09-25,-1.3477486116553932,-0.7566094626651612,0
2011-09-26,-0.36650892334250607,-0.849493124698729,1
2011-09-27,-0.552904002059106,-0.3866917734793988,2
2011-09-28,0.6795548606732372,1.9846501423940395,2
2011-09-29,-0.3233394844371237,-0.266574551854943,0
2011-09-30,0.10888597488447142,-0.552642940453161,0
2011-10-01,0.28373280761311714,-0.3736225083107618,1
2011-10-02,0.8681979548280634,0.6330361426290473,0
2011-10-03,2.259491004864017,0.4072294149858899,2
2011-10-04,-1.2506617293982218,1.329163905883767,1
2011-10-05,0.14195574758859034,0.8887102306802674,2
2011-10-06,0.6542402329303634,2.339490682492485,1
2011-10-07,-0.5186327052158236,0.9896782724374051,1
2011-10-08,0.35976269097712904,1.74892765247218,0
2011-10-09,-0.4473110066443383,0.033423619836507136,1
2011-10-10,0.370621316059561,0.5007733885399229,0
2011-10-11,-1.2292523212501332,0.3618994860036703,0
2011-10-12,-0.652758684503784,-0.9521599251296045,2
2011-10-13,0.9954885437871801,-0.11075894191153275,0
2011-10-14,-0.8463775634447475,-0.12934709303367892,1
2011-10-15,2.651193607474671,-0.36339207652826494,1
2011-10-16,-1.523084313815709,-0.48812642009118207,1
2011-10-17,1.2055345643128768,0.7876527324537645,2
2011-10-18,-0.9405105855410143,0.07259348194243566,1
2011-10-19,0.9439808798763044,1.0004878245364717,0
2011-10-20,0.7084200576969643,-0.9352986237519472,1
2011-10-21,-0.865115468624494,-2.471889395293153,0
2011-10-22,0.5054949974143886,-0.8861689083503955,0
2011-10-23,-0.3527703357159219,-1.0111313747855857,0
2011-10-24,0.46099162126267307,-0.5620850346942268,1
2011-10-25,0.5541530235541237,-0.5371664283822886,1
2011-10-26,1.896984345216684,-0.4047324453431584,2
2011-10-27,1.4396017665554566,-0.3093489190050363,2
2011-10-28,-0.8812751577134531,1.1228511231141256,1
2011-10-29,0.09321398056697389,0.1552738164677,0
2011-10-30,-2.546589148455699,-0.6099142087851679,2
2011-10-31,0.4138117296042149,0.010755150870363725,1
2011-11-01,1.1208527088991638,0.5171425224294637,1
2011-11-02,0.14224243210477525,1.05029384777687,0
2011-11-03,-0.14299989152408832,-0.13496863819763097,1
2011-11-04,-1.59475207773037,0.7179780242956321,2
2011-11-05,0.04399699983812081,-0.6341136864434377,1
2011-11-06,0.7150190475184763,-0.5082810846639699,0
2011-11-07,0.5237525413456403,-1.5028532708937468,2
2011-11-08,-1.2678900628537857,-1.2627320626754615,0
2011-11-09,-0.2562224469545624,1.238874022471728,0
2011-11-10,0.36275076716782007,-1.6524532510858805,2
2011-11-11,1.5179321338165648,0.5323260105064149,1
2011-11-12,1.0150270054183894,-3.066275598678389,2
2011-11-13,0.35052049833761,-0.45913484260442483,2
2011-11-14,-1.0486482069462355,-0.5249383128068913,2
2011-11-15,1.3536650333329188,-1.8480496581491839,2
2011-11-16,-1.1546317497003906,-1.5364092624688404,1
2011-11-17,2.1076064227237605,0.23363601396552477,2
2011-11-18,0.13618720305913481,0.1786231137721864,0
2011-11-19,-0.5002704364837557,-1.257980916877665,1
2011-11-20,-0.8024095914761519,1.7810307122643954,2
2011-11-21,-1.3017419589005823,0.02893819130242999,2
2011-11-22,0.6403931295307447,-0.4007167642557868,1
2011-11-23,-0.5108741040117498,0.42692690892536933,0
2011-11-24,-0.048565436616974586,0.5052181251920759,1
2011-11-25,-0.4032745715136466,-0.6549576657062374,0
2011-11-26,-1.6143639245450265,-0.536662375678672,2
2011-11-27,0.4030237719923451,0.25705417022382365,0
2011-11-28,-1.5965284219602436,1.0198393350593837,1
2011-11-29,-0.29111872063892347,-1.7752129999485278,2
2011-11-30,-1.646734347722489,-1.0504475372010664,1
2011-12-01,-0.4203017142074705,0.40558368992399585,0
2011-12-02,1.1976497681524967,0.21546770987621988,1
2011-12-03,-1.2748104001845362,-1.0386669419743895,2
2011-12-04,-1.3343960011756684,-0.39206166981060986,1
2011-12-05,0.17427549353366914,0.5422221746968992,2
2011-12-06,-0.36084563982976536,-0.6170623002337997,2
2011-12-07,0.42583371321514996,2.378211707097385,1
2011-12-08,0.8600492938948112,-1.1580125928380185,1
2011-12-09,-0.7612810602202247,0.9890293181593873,2
2011-12-10,1.4805339693192388,-0.29617545409558405,0
2011-12-11,0.33593377316518774,-0.8086751927913054,1
2011-12-12,-0.8565146792239671,-1.2552699041412796,1
2011-12-13,0.10937310059286225,2.337970013050437,2
2011-12-14,-0.28343945507878415,1.9553668518412668,1
2011-12-15,-0.3311596534406378,0.31045460172192435,1
2011-12-16,0.29106234020524163,-0.7847751762546187,1
2011-12-17,0.199019768549198,-0.819229036176779,2
2011-12-18,0.2582994080316615,0.5183520025296823,0
2011-12-19,-1.7443128882571761,-0.27999030734151253,2
2011-12-20,-1.089488860184253,-0.07767083455013497,2
2011-12-21,-0.3503996522791138,-1.5530587811686876,1
2011-12-22,-0.10435799547947065,-0.2849948390360405,1
2011-12-23,0.4626869978735317,-0.4182899212199232,2
2011-12-24,0.17445718015637982,-2.188284285061977,1
2011-12-25,1.203715399933678,-0.2633017465755741,0
2011-12-26,0.7165481126148295,-0.4904638453623992,0
2011-12-27,0.502027392670558,1.1593713335287703,2
2011-12-28,1.3856865487694279,0.8591777089027793,0
2011-12-29,2.4972223876693342,-1.2750134477405957,1
2011-12-30,0.7095425499773462,-0.6716318020848896,2
2011-12-31,-1.0708164557806261,-0.16173966478738008,2
2012-01-01,-0.9132754782205877,-0.06786667525124998,1
2012-01-02,2.670877237817842,2.1426904648038896,2
2012-01-03,1.0879957137760479,0.052902221814508134,1
2012-01-04,0.44940906220285715,-0.47202451130911555,0
2012-01-05,0.5947756250595023,0.43567221202747625,2
2012-01-06,-0.20553689224318236,-0.5773630837939187,0
2012-01-07,0.47860081370514634,1.2887725171406499,2
2012-01-08,0.15861698086638265,-0.08543076647561243,1
2012-01-09,-1.0864146950813502,0.08473193368538677,0
2012-01-10,0.4741133112289377,-1.7629308479824453,2
2012-01-11,0.2824912988052019,-0.5594747287406399,2
2012-01-12,-1.8936255395980326,0.28580355825070597,2
2012-01-13,0.6443297965177752,0.7453840872592669,0
2012-01-14,-0.583566790637275,-0.33414812640910607,1
2012-01-15,-1.938747835037327,1.0710134493607921,1
2012-01-16,-0.5776567902786889,-0.4506582825772794,2
2012-01-17,-0.7141870084821638,0.3344767800684911,1
2012-01-18,-0.5667905404548724,-1.7394053251924138,1
2012-01-19,-2.0214388710695865,0.563751616958008,2
2012-01-20,-1.0359976146794374,1.7212712216374804,2
2012-01-21,-0.5691742432344832,1.8491005227738,0
2012-01-22,-0.027944011765597472,-1.0601203268940926,2
2012-01-23,0.5742059245588811,0.6422305661654093,1
2012-01-24,-1.45731670505102,1.2817293447641176,1
2012-01-25,0.007172215011555946,1.3500319418911677,1
2012-01-26,-0.27696571546062937,0.34693774095247154,1
2012-01-27,0.10359354288432371,-1.3755950619330652,1
2012-01-28,0.43742086626245025,1.7950787881912178,0
2012-01-29,-0.7580960543052324,-0.1914875013856635,0
2012-01-30,-1.2357727644157055,-0.19241420854825422,2
2012-01-31,-0.71470592940436,-1.308564167259224,1
2012-02-01,0.31770871503482406,0.7149605254216896,0
2012-02-02,0.15812207143480375,0.45304233671530786,1
2012-02-03,1.2708522276399048,-0.4786030356990609,0
2012-02-04,0.1717865539236913,-0.35208156740994323,0
2012-02-05,0.859692555644582,0.03601596110927992,2
2012-02-06,0.4139960792382615,0.30962175616067217,1
2012-02-07,1.5748572858226746,-0.45211466241325426,0
2012-02-08,0.15584448116922253,-0.3592037175465862,2
2012-02-09,-1.117687025771161,-1.2058043090914365,0
2012-02-10,0.12971900958556104,-1.0620316616384047,2
2012-02-11,0.5432151597298656,0.1213718764474809,0
2012-02-12,1.1871510673274832,0.7509759899021938,1
2012-02-13,-0.08715602466445722,0.8643231457256182,1
2012-02-14,0.8038617198141443,-0.7131289648248929,2
2012-02-15,-0.03679622992690762,-0.9077229001068784,1
2012-02-16,2.34475961461074,-1.053536614685543,2
2012-02-17,1.0120848413827446,1.8909192299150082,1
2012-02-18,-0.7892142426432144,1.024134159946468,1
2012-02-19,1.2018507255219952,0.06549793032514631,2
2012-02-20,0.7180306833621717,-1.823707310836942,1
2012-02-21,-1.9181233211128168,-1.69044365070852,1
2012-02-22,-0.2711289546186247,0.4708758476330437,0
2012-02-23,-0.32169795176227883,-0.9381481829796919,1
2012-02-24,0.3165766903501893,0.5353595797261769,2
2012-02-25,0.9730054370065098,-0.982695281490778,2
2012-02-26,-0.40314302358035015,-1.487253354361618,1
2012-02-27,0.04159993192574832,-0.5837613390631061,1
2012-02-28,1.1845288355664507,0.5104708523667887,0
2012-02-29,0.47679475460290704,1.0873139597049393,2
2012-03-01,0.4431348872258813,0.34604007345926535,1
2012-03-02,-0.857362195064115,0.10665849032733292,2
2012-03-03,2.3350729779234842,-1.1604320439673763,2
2012-03-04,0.8665333624680255,-0.34023944635044645,2
2012-03-05,0.13561267090187384,-1.5181226460418,0
2012-03-06,-0.26344754214062543,-0.24645415096159837,1
2012-03-07,-0.37946096451828454,-1.2941078843178335,2
2012-03-08,0.23127243262218258,0.10261156254477946,2
2012-03-09,0.5596873791165451,-1.1152981661534185,0
2012-03-10,-0.1483842403741608,-0.6630050750286061,0
2012-03-11,0.6148186040044374,0.7871329799380891,0
2012-03-12,1.3516054506185882,1.9860987442503717,1
2012-03-13,0.43414823861426305,0.11075550594819158,0
2012-03-14,-0.9186464510690313,1.2109242425727447,1
2012-03-15,0.5582195697975854,0.2172991034488968,0
2012-03-16,0.30361773328586394,0.38415619427493364,1
2012-03-17,0.9847709057451818,0.1108596054506454,2
2012-03-18,-1.4782597710617618,2.2376022091929433,2
2012-03-19,0.2990933394587808,0.6728583202692994,2
2012-03-20,1.2412441740015192,-0.4573497328337459,2
2012-03-21,-0.6682964499767965,-0.3579967106052733,1
2012-03-22,-1.0170996825848821,-1.3498373585704828,0
2012-03-23,0.08982479178232876,-1.277773991789154,0
2012-03-24,-0.6043887204620939,-0.8173685647472971,0
2012-03-25,0.2697650094218983,0.8222160868641234,1
2012-03-26,-0.3836345746509573,-0.797597931313462,2
2012-03-27,0.04878615476983739,-0.4093807560048123,2
2012-03-28,-1.2527263399000992,-1.0813135010985697,2
2012-03-29,0.39094755893234023,-0.20504166543599797,0
2012-03-30,1.7666994759732286,0.7233226727266089,0
2012-03-31,1.5533912253606295,-0.8990377232112277,1
2012-04-01,0.12391212572661528,0.15878952763986764,0
2012-04-02,0.5639891497047508,-0.0689847737927663,1
2012-04-03,0.6495566734929975,0.8904277321555144,0
2012-04-04,-1.3296826527919565,-0.03043472913246732,1
2012-04-05,0.11206159824510985,0.4987069078328306,2
2012-04-06,1.6801741854357812,-0.27658750085382117,1
2012-04-07,-0.565558138650802,-0.18719573597312997,1
2012-04-08,-1.0054149643687473,1.8270875563426334,0
2012-04-09,0.0866623816820554,0.5486740247394207,1
2012-04-10,1.325810880723056,-0.049703061407692,1
2012-04-11,0.03948111703160569,0.541574385413361,2
2012-04-12,-1.4250773842120295,-0.7046771429681933,0
2012-04-13,0.8913126765824884,1.523795350021256,2
2012-04-14,0.6175811241171402,-1.2699358812179637,1
2012-04-15,-0.9345200515301574,0.06506774788083244,0
2012-04-16,0.191606574553191,0.38593253451932275,2
2012-04-17,-1.2819696067830462,0.989423525800432,2
2012-04-18,-0.19567375173205082,-2.406479161179047,0
2012-04-19,1.4325527928391428,0.24185384867249704,1
2012-04-20,-1.8580149467176124,1.0318054909050407,1
2012-04-21,0.06333085121266097,-1.5089004173058032,2
2012-04-22,0.1708306684644097,-0.6112802354093465,0
2012-04-23,-1.5162628371256885,-0.5776166018187868,2
2012-04-24,0.14796421567049753,1.052416648979978,2
2012-04-25,0.5668468550873117,-1.5849666601752839,1
2012-04-26,0.7524709157250631,-0.1885481773673366,1
2012-04-27,-1.2312156951810758,0.4016765579610684,2
2012-04-28,-1.28333274922179,-0.48222551400203384,1
2012-04-29,0.459719197246461,1.0692252973582872,1
2012-04-30,0.5631586179511624,-0.3701141567663649,2
2012-05-01,0.321714941297707,0.3181698140934574,1
2012-05-02,-0.4826007870206253,-1.711282551228449,0
2012-05-03,-0.7329281685276336,0.7752010808474141,0
2012-05-04,-1.120832055530863,-1.4955244335284028,2
2012-05-05,-0.05725897847027705,1.413224540050482,1
2012-05-06,0.6923840216886153,-0.4202417706066728,1
2012-05-07,0.3831413318481019,0.9615225896961287,2
2012-05-08,0.02752919473343675,-0.6359223836203913,0
2012-05-09,-1.6311454018187876,-0.18910705168709388,2
2012-05-10,-0.3741306073375445,0.3411473365678736,1
2012-05-11,-0.01870199909101611,-0.032921163586724346,2
2012-05-12,-1.6331684067548484,-0.3899609283213301,2
2012-05-13,0.0838724218207156,1.3287488368453444,1
2012-05-14,0.09301970877469268,0.3657218584434257,0
2012-05-15,-0.6715255319654819,-0.1744459063626163,2
2012-05-16,1.7875205477758207,0.703088510509332,2
2012-05-17,-0.7002241869166627,-0.4891197355101094,1
2012-05-18,-0.2417903983061934,-0.2218866938475979,0
2012-05-19,0.7066021063498971,-1.533849176791808,1
2012-05-20,-0.2152159665211055,0.5527494496601123,0
2012-05-21,0.6635950136420917,-1.2419626839344866,2
2012-05-22,-0.8180800108931554,-0.5282422278400719,1
2012-05-23,0.21382580299008355,1.5539945991796793,0
2012-05-24,0.28146502784715755,0.6154122243781583,1
2012-05-25,1.311973821919747,-0.21975219024801682,1
2012-05-26,-0.5038021129367276,-1.7212373826906824,2
2012-05-27,0.15146396704087298,1.9149674736886655,0
2012-05-28,0.6908201789274303,1.4158468288742685,1
2012-05-29,2.370112642519458,-1.53846638154762,2
2012-05-30,2.8021302443035463,0.5911417575163715,1
2012-05-31,1.0850913613600943,-0.5292198835007568,1
2012-06-01,1.2134982080110217,0.09936974445304346,0
2012-06-02,-0.5819259885084803,1.1059599182616375,0
2012-06-03,0.3544014882335028,-1.3990819212535475,1
2012-06-04,0.4891688080749115,0.9959001988373687,0
2012-06-05,-0.40941533397122215,-0.0018038099107756107,0
2012-06-06,1.1208577501027441,-0.4318594202622118,0
2012-06-07,-0.0643508809231955,1.134384427367557,2
2012-06-08,0.6028580797789762,-1.3147518977403125,1
2012-06-09,-1.1040588373425726,-0.37080751486850033,2
2012-06-10,0.5618484843065683,2.005244934350659,2
2012-06-11,0.548837846940332,0.11070063529284284,0
2012-06-12,0.438355677900199,-0.5886577099937497,2
2012-06-13,0.2640615771817022,0.3542832983305717,1
2012-06-14,-0.18515231553913977,0.8107844927094927,2
2012-06-15,-2.9012839112688553,1.2508896491243613,1
2012-06-16,-0.47221057830103536,-0.3139714398126323,1
2012-06-17,0.7958528421598706,0.30043662875556043,1
2012-06-18,0.6069603961301747,0.7000590350845991,1
2012-06-19,2.0113613740358423,0.5952166141414581,2
2012-06-20,0.5232844166443285,0.46218801045288693,2
2012-06-21,-1.578521831621573,1.310371516691153,1
2012-06-22,-1.1347110589059197,0.014141648818947493,2
2012-06-23,-0.2607472522971949,0.42292954617501005,0
2012-06-24,0.06774849887816355,0.6116233888481142,2
2012-06-25,-0.385213203258252,-0.09889167202480653,1
2012-06-26,-1.4712111158340908,-0.41016798705582225,1
2012-06-27,-0.07679409514781976,1.874647721867988,2
2012-06-28,-0.7598453168828146,0.23255097164052002,0
2012-06-29,-1.0534099785831716,1.7626323029649895,1
2012-06-30,-0.4707522193101657,-0.608407896799335,2
2012-07-01,-0.10541801832096678,-1.4595981522048807,0
2012-07-02,1.0668632148647421,0.3218147190474608,1
2012-07-03,1.5093480399109251,-0.669189461493808,0
2012-07-04,-0.5124875557291692,-1.2698150293139374,1
2012-07-05,-1.1804645415836106,1.0279815642381172,0
2012-07-06,-1.674381514572515,0.352270322548004,2
2012-07-07,-0.3287684912036591,-0.249679552851377,0
2012-07-08,-0.13340962639053958,1.0854848951220888,2
2012-07-09,2.1838540093043486,-1.4311468718254379,0
2012-07-10,0.37489735464837387,-0.1909772653841509,1
2012-07-11,-0.926940364656618,-0.6536424787620851,0
2012-07-12,-0.3410123189448563,-0.5548264335713318,0
2012-07-13,1.3866778303183098,0.43490269018766126,1
2012-07-14,-0.034009600254203506,1.3787681349225271,1
2012-07-15,-1.3746587823817846,-0.6906120246087756,0
2012-07-16,-0.43389560260395355,-0.10267271148645096,2
2012-07-17,-0.18707383297259572,-0.42390124520537,2
2012-07-18,1.3426869956486385,-0.036161267071567325,1
2012-07-19,-0.14094877069898268,0.8544229611550084,0
2012-07-20,-0.17125802935494303,0.30087090030958796,2
2012-07-21,0.2625251230269643,1.3072669592429038,0
2012-07-22,0.309172322529853,-1.4977034196569472,2
2012-07-23,1.9064613167109579,0.5891460714772183,1
2012-07-24,-2.455135581978308,-0.9030208535332389,1
2012-07-25,0.4261978215383586,-0.6142530957426704,1
2012-07-26,0.2912843077124367,1.2186236969077329,0
2012-07-27,0.6874825369706425,0.4720665066201707,0
2012-07-28,0.8096549678444594,-0.0364556686418675,0
2012-07-29,-1.891660144858207,-1.2029252689609,1
2012-07-30,-0.8017843188688419,0.5481725004762881,1
2012-07-31,0.5310108340678754,-0.5703459679472007,1
2012-08-01,-0.5817424594198872,1.788233232524667,0
2012-08-02,1.653055870044409,1.1076373941982656,2
2012-08-03,0.6673679345919437,0.2557564810380629,0
2012-08-04,-0.9992070418746384,1.304411243008945,1
2012-08-05,-0.6091176478852729,0.013182553753178285,1
2012-08-06,-0.689468590659135,-0.40358546992194044,1
2012-08-07,0.36035668759336775,0.2995894216050818,0
2012-08-08,1.182555494679074,0.15297854532770827,1
2012-08-09,0.16143222981686273,0.3513720757923785,1
2012-08-10,-1.2661676527201995,-0.08598212739864076,2
2012-08-11,-1.1557509603691314,0.7829536777276359,2
2012-08-12,-0.07445864903962125,-0.30667037937110186,2
2012-08-13,-1.2855077890307378,-0.8517726929427887,0
2012-08-14,0.242178498375528,-1.5628375518739708,2
2012-08-15,0.40593094829762766,0.5037471825369264,2
2012-08-16,1.0907903461397084,0.2885908946139831,1
2012-08-17,0.9638432815515173,1.0001546408831297,0
2012-08-18,0.8330120598514534,-1.0553193283679374,2
2012-08-19,0.11625660684932636,0.08936400603202298,2
2012-08-20,-0.45528262132518,0.3199622343068266,0
2012-08-21,0.0446591002856883,-0.20814408534423587,1
2012-08-22,-0.2443826708090212,-0.36826169897493555,0
2012-08-23,1.2658924860040834,-1.4056942380292978,1
2012-08-24,-0.8288138938725896,0.8860606753413334,1
2012-08-25,-2.4256203109735175,-0.2718225821364663,2
2012-08-26,-0.28360956863876446,-1.3509742253178052,1
2012-08-27,-1.215495834311544,1.1127125877110362,1
2012-08-28,1.0537011334263249,-1.512059244226576,1
2012-08-29,0.6039733256082012,0.5063659088072234,2
2012-08-30,-1.6944660463733072,-1.2625558860847672,2
2012-08-31,-0.12492451417370308,0.2456577530990472,2
2012-09-01,0.47440993718024094,-1.2502558556990508,2
2012-09-02,-0.5959514759754644,1.1104715201346764,1
2012-09-03,-2.058688850940864,0.3687069508011965,2
2012-09-04,-1.588309597980611,0.851612500219058,2
2012-09-05,0.13636570385641886,0.5815747807327396,0
2012-09-06,1.3219824548830044,-1.0960163256514954,2
2012-09-07,-1.1322431695173794,2.657171116035948,0
2012-09-08,0.6479936623497436,0.3415092834564919,2
2012-09-09,0.004347169491696634,-0.029626162093731735,2
2012-09-10,0.3037882061097768,0.9600628060630907,0
2012-09-11,-0.22994968093968077,-1.0759413857301523,1
2012-09-12,-1.56705889468096,0.4768075157257885,1
2012-09-13,0.024137700454860054,0.2903197252801467,1
2012-09-14,3.0297347849199787,1.412017870112987,1
2012-09-15,0.01179740337464687,-0.3839609163697293,2
2012-09-16,-1.4848885800712375,1.373889049187364,2
2012-09-17,1.6609822621225179,-1.5313036558553903,2
2012-09-18,1.36092699207985,1.7061619795252772,0
2012-09-19,-0.5024929376517289,-0.14289136140135097,1
2012-09-20,-1.674384158795497,1.2730646957211695,0
2012-09-21,-2.8727991788549083,-0.4066113811849195,2
2012-09-22,0.8430932342664056,0.04963783650708691,2
2012-09-23,-0.8636712948882587,-0.8323410544502942,2
2012-09-24,0.010502932983965686,-0.1614621481752897,0
2012-09-25,0.06014625266313309,-0.050293021549414785,1
2012-09-26,-0.21913825460158903,0.3076170790424097,1
